trial_id,map_name,target_class,search_mode,selection_time,detection_time,reach_time,time_to_find_s,time_to_reach_s,total_time_s,path_length_m,safety_stops,avg_loop_latency_ms,max_loop_latency_ms,nav_goals_sent,nav_goals_canceled,result
1,map_fix1,person,SYSTEMATIC,717.784,767.031,798.545,49.25,31.51,80.76,11.16,0,1.8,12.2,2,1,SUCCESS
2,map_fix1,person,SYSTEMATIC,936.314,986.511,1010.708,50.20,24.20,74.39,10.34,0,1.9,16.4,2,1,SUCCESS
3,map_fix1,person,SYSTEMATIC,919.540,967.824,1010.910,48.28,43.09,91.37,12.57,22,1.7,12.2,3,2,SUCCESS
4,map_fix1,person,SYSTEMATIC,1167.650,1217.411,1241.534,49.76,24.12,73.88,9.99,0,1.8,14.3,2,1,SUCCESS
5,map_fix1,person,SYSTEMATIC,891.710,940.844,966.799,49.13,25.95,75.09,10.19,0,1.9,14.8,2,1,SUCCESS
6,map_fix1,person,SYSTEMATIC,883.234,931.066,955.449,47.83,24.38,72.21,9.89,0,2.0,15.1,2,1,SUCCESS
7,map_fix1,person,SYSTEMATIC,899.047,947.124,973.065,48.08,25.94,74.02,9.98,0,1.7,17.6,2,1,SUCCESS
8,map_fix1,person,SYSTEMATIC,897.148,962.284,986.379,65.14,24.10,89.23,10.65,0,1.6,12.3,2,1,SUCCESS
9,map_fix1,person,SYSTEMATIC,898.411,933.132,959.123,34.72,25.99,60.71,9.17,0,1.4,7.6,1,1,SUCCESS
10,map_fix1,person,SYSTEMATIC,884.604,947.693,971.395,63.09,23.70,86.79,11.01,0,1.9,12.0,2,1,SUCCESS
1,map_fix1,person,RANDOM,1281.050,1505.695,1529.620,224.64,23.92,248.57,41.15,0,1.5,9.8,6,1,SUCCESS
2,map_fix1,person,RANDOM,896.547,948.103,964.425,51.56,16.32,67.88,11.33,0,1.9,12.6,1,1,SUCCESS
3,map_fix1,person,RANDOM,901.822,1289.945,1319.295,388.12,29.35,417.47,73.73,0,1.7,9.3,9,1,SUCCESS
4,map_fix1,person,RANDOM,905.523,966.293,999.402,60.77,33.11,93.88,14.38,0,1.7,8.5,2,1,SUCCESS
5,map_fix1,person,RANDOM,886.584,1031.646,1059.459,145.06,27.81,172.88,28.55,0,1.7,11.3,4,1,SUCCESS
6,map_fix1,person,RANDOM,974.122,1069.890,1093.811,95.77,23.92,119.69,19.03,0,1.7,15.1,3,1,SUCCESS
7,map_fix1,person,RANDOM,893.656,1330.207,1357.125,436.55,26.92,463.47,81.39,0,1.5,10.0,10,1,SUCCESS
8,map_fix1,person,RANDOM,881.654,1022.746,1098.590,141.09,75.84,216.94,28.74,22,1.5,8.6,5,2,SUCCESS
9,map_fix1,person,RANDOM,899.264,970.202,1002.558,70.94,32.36,103.29,15.81,0,1.7,9.6,2,1,SUCCESS
10,map_fix1,person,RANDOM,941.681,975.212,1003.407,33.53,28.20,61.73,9.29,0,1.5,8.1,1,1,SUCCESS
1,map_fix2,person,RANDOM,983.030,1040.380,1077.070,57.35,36.69,94.04,12.05,21,1.6,12.9,3,2,SUCCESS
2,map_fix2,person,RANDOM,1005.194,1056.283,1093.635,51.09,37.35,88.44,12.65,0,1.9,13.5,1,0,SUCCESS
3,map_fix2,person,RANDOM,1037.146,1153.287,1263.673,116.14,110.39,226.53,31.54,0,1.7,9.9,6,2,SUCCESS
4,map_fix2,person,RANDOM,1050.940,1118.100,1148.742,67.16,30.64,97.80,14.47,0,1.5,10.8,2,1,SUCCESS
5,map_fix2,person,RANDOM,986.010,1087.953,1121.722,101.94,33.77,135.71,21.54,0,1.7,10.1,3,1,SUCCESS
6,map_fix2,person,RANDOM,987.198,1018.548,1044.310,31.35,25.76,57.11,8.31,0,1.9,14.4,1,1,SUCCESS
7,map_fix2,person,RANDOM,1005.654,1038.061,1061.686,32.41,23.62,56.03,8.14,0,1.7,12.2,1,1,SUCCESS
8,map_fix2,person,RANDOM,987.056,1247.638,1270.680,260.58,23.04,283.62,49.29,0,1.8,41.6,5,0,SUCCESS
9,map_fix2,person,RANDOM,1019.275,1123.485,1139.019,104.21,15.53,119.74,21.33,16,1.5,9.3,3,1,SUCCESS
10,map_fix2,person,RANDOM,1025.734,1073.471,1092.967,47.74,19.50,67.23,9.91,0,1.9,9.7,1,0,SUCCESS
1,map_fix2,person,SYSTEMATIC,1006.950,1216.430,1244.438,209.48,28.01,237.49,41.16,0,1.8,15.5,4,1,SUCCESS
2,map_fix2,person,SYSTEMATIC,1095.855,1275.398,1299.977,179.54,24.58,204.12,38.32,0,2.2,36.6,4,1,SUCCESS
3,map_fix2,person,SYSTEMATIC,1042.572,1234.878,1267.618,192.31,32.74,225.05,42.02,0,1.7,16.5,4,1,SUCCESS
4,map_fix2,person,SYSTEMATIC,974.440,1171.943,1201.874,197.50,29.93,227.43,38.85,0,1.3,9.7,4,1,SUCCESS
5,map_fix2,person,SYSTEMATIC,993.260,1174.063,1198.493,180.80,24.43,205.23,36.75,0,1.8,14.3,4,1,SUCCESS
6,map_fix2,person,SYSTEMATIC,979.630,1159.459,1184.877,179.83,25.42,205.25,37.73,0,1.4,14.3,4,1,SUCCESS
7,map_fix2,person,SYSTEMATIC,996.931,1184.176,1208.495,187.24,24.32,211.56,38.01,0,1.3,7.0,4,1,SUCCESS
8,map_fix2,person,SYSTEMATIC,971.497,1139.730,1164.605,168.23,24.88,193.11,36.07,0,1.5,11.6,4,1,SUCCESS
9,map_fix2,person,SYSTEMATIC,980.044,1147.111,1173.311,167.07,26.20,193.27,35.92,0,1.9,12.6,4,1,SUCCESS
10,map_fix2,person,SYSTEMATIC,976.781,1151.126,1185.659,174.35,34.53,208.88,37.76,0,1.7,11.2,4,1,SUCCESS
1,unknown,person,SYSTEMATIC,930.445,978.718,1002.502,48.27,23.78,72.06,9.20,0,1.3,9.1,2,1,SUCCESS
1,unknown,person,SYSTEMATIC,920.950,971.526,1016.721,50.58,45.20,95.77,12.45,22,1.4,8.7,3,2,SUCCESS
